时间,time_delta_hours,time_diff_hours,取样结果_TFE
2023-03-26 18:00:00,16.0,1.0,83.502
2023-03-26 20:00:00,17.0,1.0,96.03
2023-03-26 21:00:00,18.0,1.0,98.19
2023-03-26 23:00:00,19.0,1.0,99.75
2023-03-27 00:00:00,20.0,1.0,99.954
2023-03-27 01:00:00,21.0,1.0,99.988
2023-03-27 03:00:00,22.0,1.0,99.995
2023-03-27 05:00:00,23.0,1.0,99.941
2023-03-27 06:00:00,24.0,1.0,99.99
2023-03-27 08:00:00,25.0,1.0,99.984
2023-03-27 09:30:00,26.0,1.0,99.991
2023-03-27 11:00:00,27.0,1.0,99.994
2023-03-27 12:00:00,28.0,1.0,99.989
2023-03-27 14:30:00,29.0,1.0,99.996
2023-03-27 16:00:00,30.0,1.0,99.995
2023-03-28 17:02:00,31.0,1.0,76.446
2023-03-28 19:00:00,32.0,1.0,93.048
2023-03-28 20:00:00,33.0,1.0,96.441
2023-03-28 21:00:00,34.0,1.0,98.687
2023-03-28 23:00:00,35.0,1.0,99.883
2023-03-29 00:12:00,36.0,1.0,99.95
2023-03-29 01:02:00,37.0,1.0,99.98
2023-03-29 02:56:00,38.0,1.0,99.993
2023-03-29 03:56:00,39.0,1.0,99.973
2023-03-29 07:00:00,40.0,1.0,99.994
2023-03-29 08:00:00,41.0,1.0,99.99
2023-03-29 09:00:00,42.0,1.0,99.988
2023-03-29 11:00:00,43.0,1.0,99.991
2023-03-29 11:20:00,44.0,1.0,99.989
2023-03-29 14:00:00,45.0,1.0,99.992
2023-03-29 15:00:00,46.0,1.0,99.987
2023-03-29 16:00:00,47.0,1.0,99.966
2023-03-30 09:00:00,48.0,1.0,77.972
2023-03-30 11:00:00,49.0,1.0,95.03
2023-03-30 12:00:00,50.0,1.0,98.45
2023-03-30 13:00:00,51.0,1.0,99.841
2023-03-30 15:00:00,52.0,1.0,99.984
2023-03-30 17:00:00,53.0,1.0,99.992
2023-03-30 18:00:00,54.0,1.0,99.938
2023-03-30 21:00:00,55.0,1.0,99.994
2023-03-30 22:00:00,56.0,1.0,99.989
2023-03-31 00:08:00,57.0,1.0,99.993
2023-03-31 02:57:00,58.0,1.0,99.98
2023-03-31 04:01:00,59.0,1.0,99.995
2023-04-01 11:00:00,60.0,1.0,91.73
2023-04-01 13:00:00,61.0,1.0,98.23
2023-04-01 15:00:00,62.0,1.0,99.84
2023-04-01 16:09:00,63.0,1.0,99.954
2023-04-01 18:06:00,64.0,1.0,99.992
2023-04-01 19:26:00,65.0,1.0,99.972
2023-04-01 20:54:00,66.0,1.0,99.996
2023-04-02 00:00:00,67.0,1.0,99.985
2023-04-02 02:00:00,68.0,1.0,99.99
2023-04-02 03:00:00,69.0,1.0,99.991
2023-04-02 05:00:00,70.0,1.0,99.994
2023-04-02 07:00:00,71.0,1.0,99.987
2023-04-02 08:36:00,72.0,1.0,99.98
2023-04-03 08:00:00,73.0,1.0,86.02
2023-04-03 10:00:00,74.0,1.0,96.105
2023-04-03 11:00:00,75.0,1.0,98.42
2023-04-03 12:00:00,76.0,1.0,99.79
2023-04-03 14:00:00,77.0,1.0,99.977
2023-04-03 15:00:00,78.0,1.0,99.983
2023-04-03 16:05:00,79.0,1.0,99.984
2023-04-03 17:00:00,80.0,1.0,99.989
2023-04-03 18:02:00,81.0,1.0,99.995
2023-04-03 19:59:00,82.0,1.0,99.994
2023-04-03 21:59:00,83.0,1.0,99.984
2023-04-04 00:05:00,84.0,1.0,99.989
2023-04-04 02:00:00,85.0,1.0,99.991
2023-04-04 03:00:00,86.0,1.0,99.989
2023-04-04 04:00:00,87.0,1.0,99.983
2023-04-04 05:00:00,88.0,1.0,99.989
2023-04-05 04:56:00,89.0,1.0,84.625
2023-04-05 07:00:00,90.0,1.0,96.219
2023-04-05 08:03:00,91.0,1.0,98.839
2023-04-05 09:58:00,92.0,1.0,98.846
2023-04-05 11:01:00,93.0,1.0,99.919
2023-04-05 12:07:00,94.0,1.0,99.979
2023-04-05 14:01:00,95.0,1.0,99.994
2023-04-05 16:05:00,96.0,1.0,99.993
2023-04-05 17:00:00,97.0,1.0,99.99
2023-04-05 19:00:00,98.0,1.0,99.993
2023-04-05 21:00:00,99.0,1.0,99.989
2023-04-05 23:00:00,100.0,1.0,99.994
2023-04-06 00:00:00,101.0,1.0,99.991
2023-04-06 02:00:00,102.0,1.0,99.99
2023-04-06 03:00:00,103.0,1.0,99.99
2023-04-07 19:00:00,104.0,1.0,65.52
2023-04-07 20:00:00,105.0,1.0,82.41
2023-04-07 22:00:00,106.0,1.0,94.89
2023-04-07 23:00:00,107.0,1.0,97.623
2023-04-08 00:00:00,108.0,1.0,99.264
2023-04-08 02:00:00,109.0,1.0,99.962
2023-04-08 04:00:00,110.0,1.0,99.993
2023-04-08 05:00:00,111.0,1.0,99.995
2023-04-08 07:00:00,112.0,1.0,99.978
2023-04-08 09:00:00,113.0,1.0,99.996
2023-04-08 13:00:00,114.0,1.0,99.99
2023-04-08 14:00:00,115.0,1.0,99.99
2023-04-08 15:00:00,116.0,1.0,99.991
2023-04-08 16:00:00,117.0,1.0,99.996
2023-04-08 17:00:00,118.0,1.0,99.994
2023-04-08 19:00:00,119.0,1.0,99.986
2023-04-08 20:00:00,120.0,1.0,99.992
2023-04-09 21:00:00,121.0,1.0,80.0
2023-04-09 23:00:00,122.0,1.0,92.2
2023-04-10 00:09:00,123.0,1.0,97.01
2023-04-10 01:02:00,124.0,1.0,98.38
2023-04-10 02:55:00,125.0,1.0,99.9
2023-04-10 05:01:00,126.0,1.0,99.987
2023-04-10 05:51:00,127.0,1.0,99.95
2023-04-10 08:00:00,128.0,1.0,99.994
2023-04-10 10:00:00,129.0,1.0,99.993
2023-04-10 11:00:00,130.0,1.0,99.988
2023-04-10 13:00:00,131.0,1.0,99.991
2023-04-10 15:00:00,132.0,1.0,99.986
2023-04-10 16:15:00,133.0,1.0,99.99
2023-04-10 18:04:00,134.0,1.0,99.989
2023-04-10 19:57:00,135.0,1.0,99.99
2023-04-11 19:00:00,136.0,1.0,87.25
2023-04-11 19:57:00,137.0,1.0,96.372
2023-04-11 21:00:00,138.0,1.0,98.19
2023-04-11 23:01:00,139.0,1.0,99.633
2023-04-12 00:10:00,140.0,1.0,99.948
2023-04-12 01:06:00,141.0,1.0,99.98
2023-04-12 02:56:00,142.0,1.0,99.99
2023-04-12 04:57:00,143.0,1.0,99.916
2023-04-12 06:00:00,144.0,1.0,99.997
2023-04-12 08:13:00,145.0,1.0,99.988
2023-04-12 10:00:00,146.0,1.0,99.989
2023-04-12 13:30:00,147.0,1.0,99.989
2023-04-12 14:20:00,148.0,1.0,99.993
2023-04-12 15:00:00,149.0,1.0,99.99
2023-04-12 16:00:00,150.0,1.0,99.988
2023-04-13 23:00:00,151.0,1.0,61.434
2023-04-14 00:00:00,152.0,1.0,78.176
2023-04-14 02:00:00,153.0,1.0,97.02
2023-04-14 03:00:00,154.0,1.0,98.223
2023-04-14 05:00:00,155.0,1.0,99.912
2023-04-14 06:00:00,156.0,1.0,99.992
2023-04-14 08:00:00,157.0,1.0,99.949
2023-04-14 09:00:00,158.0,1.0,99.971
2023-04-14 09:23:00,159.0,1.0,99.994
2023-04-14 11:00:00,160.0,1.0,99.988
2023-04-14 13:00:00,161.0,1.0,99.991
2023-04-14 15:00:00,162.0,1.0,99.987
2023-04-14 16:08:00,163.0,1.0,99.991
2023-04-14 17:02:00,164.0,1.0,99.993
2023-04-14 18:56:00,165.0,1.0,99.983
2023-04-14 20:59:00,166.0,1.0,99.97
2023-04-15 02:00:00,167.0,1.0,79.22
2023-04-15 04:00:00,168.0,1.0,95.34
2023-04-15 05:00:00,169.0,1.0,98.0
2023-04-15 06:00:00,170.0,1.0,99.24
2023-04-15 08:00:00,171.0,1.0,99.96
2023-04-15 10:00:00,172.0,1.0,99.99
2023-04-15 11:00:00,173.0,1.0,99.963
2023-04-15 12:00:00,174.0,1.0,99.99
2023-04-15 13:00:00,175.0,1.0,99.99
2023-04-15 15:00:00,176.0,1.0,99.991
2023-04-15 15:54:00,177.0,1.0,99.989
2023-04-15 16:56:00,178.0,1.0,99.976
2023-04-15 18:58:00,179.0,1.0,99.987
2023-04-15 20:55:00,180.0,1.0,99.985
2023-04-15 22:56:00,181.0,1.0,99.99
2023-04-16 00:00:00,182.0,1.0,99.979
2023-04-16 00:51:00,183.0,1.0,99.987
2023-04-17 21:54:00,184.0,1.0,56.35
2023-04-17 23:08:00,185.0,1.0,76.74
2023-04-18 00:08:00,186.0,1.0,80.989
2023-04-18 02:00:00,187.0,1.0,87.925
2023-04-18 03:00:00,188.0,1.0,93.374
2023-04-18 04:00:00,189.0,1.0,96.609
2023-04-18 04:30:00,190.0,1.0,97.7
2023-04-18 06:00:00,191.0,1.0,99.357
2023-04-18 07:00:00,192.0,1.0,99.805
2023-04-18 08:12:00,193.0,1.0,99.971
2023-04-18 09:13:00,194.0,1.0,99.975
2023-04-18 10:25:00,195.0,1.0,99.991
2023-04-18 11:30:00,196.0,1.0,99.993
2023-04-18 12:00:00,197.0,1.0,99.93
2023-04-18 13:06:00,198.0,1.0,99.977
2023-04-18 14:20:00,199.0,1.0,99.978
2023-04-18 15:22:00,200.0,1.0,99.984
2023-04-18 16:36:00,201.0,1.0,99.99
2023-04-18 18:10:00,202.0,1.0,99.987
2023-04-18 19:02:00,203.0,1.0,99.989
2023-04-18 20:05:00,204.0,1.0,99.98
2023-04-18 21:05:00,205.0,1.0,99.98
2023-04-18 21:58:00,206.0,1.0,99.98
2023-04-18 00:20:00,207.0,1.0,99.981
2023-04-18 01:20:00,208.0,1.0,99.965
2023-04-18 02:00:00,209.0,1.0,99.97
2023-04-18 03:00:00,210.0,1.0,99.978
2023-04-19 12:00:00,211.0,1.0,81.07
2023-04-19 14:00:00,212.0,1.0,96.994
2023-04-19 14:30:00,213.0,1.0,98.263
2023-04-19 15:00:00,214.0,1.0,98.556
2023-04-19 16:15:00,215.0,1.0,99.52
2023-04-19 17:09:00,216.0,1.0,99.796
2023-04-19 18:03:00,217.0,1.0,99.936
2023-04-19 19:59:00,218.0,1.0,99.986
2023-04-19 21:00:00,219.0,1.0,99.987
2023-04-19 22:03:00,220.0,1.0,99.859
2023-04-19 23:08:00,221.0,1.0,99.938
2023-04-20 00:12:00,222.0,1.0,99.994
2023-04-20 01:06:00,223.0,1.0,99.986
2023-04-20 02:00:00,224.0,1.0,99.984
2023-04-20 04:00:00,225.0,1.0,99.981
2023-04-20 05:00:00,226.0,1.0,99.97
2023-04-20 08:03:00,227.0,1.0,99.985
2023-04-20 10:01:00,228.0,1.0,99.962
2023-04-20 06:00:00,229.0,1.0,72.562
2023-04-20 07:00:00,230.0,1.0,86.557
2023-04-20 08:55:00,231.0,1.0,94.38
2023-04-20 09:40:00,232.0,1.0,97.416
2023-04-20 10:00:00,233.0,1.0,98.578
2023-04-20 10:45:00,234.0,1.0,99.5
2023-04-20 12:08:00,235.0,1.0,99.875
2023-04-20 13:06:00,236.0,1.0,99.958
2023-04-20 14:00:00,237.0,1.0,99.992
2023-04-20 15:00:00,238.0,1.0,99.995
2023-04-20 16:20:00,239.0,1.0,99.993
2023-04-20 17:20:00,240.0,1.0,99.97
2023-04-20 18:12:00,241.0,1.0,99.994
2023-04-20 20:00:00,242.0,1.0,99.991
2023-04-20 22:30:00,243.0,1.0,99.993
2023-04-20 23:00:00,244.0,1.0,99.992
2023-04-21 00:00:00,245.0,1.0,99.992
2023-04-21 01:06:00,246.0,1.0,99.996
2023-04-21 01:57:00,247.0,1.0,99.993
2023-04-21 06:05:00,248.0,1.0,73.65
2023-04-21 07:00:00,249.0,1.0,83.59
2023-04-21 08:24:00,250.0,1.0,96.39
2023-04-21 09:27:00,251.0,1.0,97.577
2023-04-21 10:00:00,252.0,1.0,99.68
2023-04-21 11:00:00,253.0,1.0,99.883
2023-04-21 12:00:00,254.0,1.0,99.74
2023-04-21 12:45:00,255.0,1.0,99.989
2023-04-21 14:00:00,256.0,1.0,99.988
2023-04-21 15:00:00,257.0,1.0,99.973
2023-04-21 16:25:00,258.0,1.0,99.995
2023-04-21 18:05:00,259.0,1.0,99.995
2023-04-21 19:03:00,260.0,1.0,99.996
2023-04-21 21:03:00,261.0,1.0,99.994
2023-04-21 23:00:00,262.0,1.0,99.995
2023-04-22 00:03:00,263.0,1.0,99.992
2023-04-22 01:03:00,264.0,1.0,99.988
2023-04-22 04:00:00,265.0,1.0,99.992
2023-04-23 00:16:00,266.0,1.0,74.731
2023-04-23 00:59:00,267.0,1.0,86.877
2023-04-23 02:04:00,268.0,1.0,93.389
2023-04-23 02:59:00,269.0,1.0,96.649
2023-04-23 04:02:00,270.0,1.0,98.376
2023-04-23 05:00:00,271.0,1.0,99.696
2023-04-23 07:02:00,272.0,1.0,99.917
2023-04-23 08:40:00,273.0,1.0,99.981
2023-04-23 09:00:00,274.0,1.0,99.992
2023-04-23 10:13:00,275.0,1.0,99.995
2023-04-23 11:16:00,276.0,1.0,99.995
2023-04-23 12:10:00,277.0,1.0,99.997
2023-04-23 13:06:00,278.0,1.0,99.996
2023-04-23 14:20:00,279.0,1.0,99.998
2023-04-23 15:15:00,280.0,1.0,99.991
2023-04-23 16:12:00,281.0,1.0,99.995
2023-04-23 17:06:00,282.0,1.0,99.993
2023-04-23 18:25:00,283.0,1.0,99.993
2023-04-23 19:00:00,284.0,1.0,99.996
2023-04-23 20:00:00,285.0,1.0,99.996
2023-04-23 20:55:00,286.0,1.0,99.975
2023-04-25 21:00:00,287.0,1.0,91.855
2023-04-25 22:00:00,288.0,1.0,94.393
2023-04-25 23:00:00,289.0,1.0,97.828
2023-04-26 00:12:00,290.0,1.0,99.169
2023-04-26 01:59:00,291.0,1.0,99.923
2023-04-26 03:59:00,292.0,1.0,99.992
2023-04-26 04:54:00,293.0,1.0,99.995
2023-04-26 06:07:00,294.0,1.0,99.997
2023-04-26 07:04:00,295.0,1.0,100.0
2023-04-26 08:17:00,296.0,1.0,99.999
2023-04-26 09:30:00,297.0,1.0,99.998
2023-04-26 12:14:00,298.0,1.0,99.997
2023-04-26 13:17:00,299.0,1.0,99.995
2023-04-26 15:17:00,300.0,1.0,99.993
2023-04-26 16:07:00,301.0,1.0,99.988
2023-04-26 17:08:00,302.0,1.0,99.992
2023-04-26 17:50:00,303.0,1.0,99.995
2023-04-26 18:59:00,304.0,1.0,99.998
2023-04-26 20:00:00,305.0,1.0,99.98
2023-04-26 20:54:00,306.0,1.0,99.982
2023-04-26 22:00:00,307.0,1.0,99.989
2023-04-27 18:04:00,308.0,1.0,89.886
2023-04-27 19:09:00,309.0,1.0,97.052
2023-04-27 20:00:00,310.0,1.0,98.497
2023-04-27 21:00:00,311.0,1.0,99.133
2023-04-27 22:00:00,312.0,1.0,99.778
2023-04-27 23:00:00,313.0,1.0,99.918
2023-04-28 00:10:00,314.0,1.0,99.978
2023-04-28 01:23:00,315.0,1.0,99.992
2023-04-28 02:25:00,316.0,1.0,99.991
2023-04-28 03:30:00,317.0,1.0,99.997
2023-04-28 04:47:00,318.0,1.0,99.999
2023-04-28 05:20:00,319.0,1.0,99.997
2023-04-28 07:08:00,320.0,1.0,99.994
2023-04-28 08:00:00,321.0,1.0,99.99
2023-04-28 09:17:00,322.0,1.0,99.993
2023-04-28 10:11:00,323.0,1.0,99.991
2023-04-28 10:50:00,324.0,1.0,99.996
2023-04-28 12:40:00,325.0,1.0,99.989
2023-04-28 14:06:00,326.0,1.0,99.99
2023-04-28 15:03:00,327.0,1.0,99.991
2023-04-29 00:37:00,328.0,1.0,88.696
2023-04-29 01:16:00,329.0,1.0,93.956
2023-04-29 02:12:00,330.0,1.0,97.84
2023-04-29 03:08:00,331.0,1.0,98.932
2023-04-29 04:00:00,332.0,1.0,99.518
2023-04-29 05:10:00,333.0,1.0,99.8
2023-04-29 06:05:00,334.0,1.0,99.959
2023-04-29 07:00:00,335.0,1.0,99.984
2023-04-29 08:17:00,336.0,1.0,99.993
2023-04-29 10:05:00,337.0,1.0,99.995
2023-04-29 11:00:00,338.0,1.0,99.998
2023-04-29 12:00:00,339.0,1.0,99.979
2023-04-29 13:01:00,340.0,1.0,99.998
2023-04-29 13:30:00,341.0,1.0,99.998
2023-04-29 15:06:00,342.0,1.0,99.997
2023-04-29 15:59:00,343.0,1.0,99.994
2023-04-29 17:02:00,344.0,1.0,99.993
2023-04-29 17:15:00,345.0,1.0,99.996
2023-04-29 18:08:00,346.0,1.0,99.996
2023-04-29 19:00:00,347.0,1.0,99.996
2023-04-29 21:01:00,348.0,1.0,99.996
2023-04-29 22:03:00,349.0,1.0,99.99
2023-04-30 00:12:00,350.0,1.0,99.991
2023-05-01 15:02:00,351.0,1.0,79.668
2023-05-01 16:01:00,352.0,1.0,93.391
2023-05-01 17:03:00,353.0,1.0,97.387
2023-05-01 18:05:00,354.0,1.0,98.995
2023-05-01 21:02:00,355.0,1.0,99.985
2023-05-01 23:00:00,356.0,1.0,99.992
2023-05-02 00:05:00,357.0,1.0,99.97
2023-05-02 01:00:00,358.0,1.0,99.931
2023-05-02 02:00:00,359.0,1.0,99.992
2023-05-02 03:00:00,360.0,1.0,99.996
2023-05-02 05:06:00,361.0,1.0,99.994
2023-05-02 07:00:00,362.0,1.0,99.993
2023-05-02 07:33:00,363.0,1.0,99.984
2023-05-02 08:51:00,364.0,1.0,99.998
2023-05-02 10:07:00,365.0,1.0,99.991
2023-05-02 11:00:00,366.0,1.0,99.987
2023-05-02 12:00:00,367.0,1.0,99.988
2023-05-02 13:01:00,368.0,1.0,99.989
2023-05-02 14:07:00,369.0,1.0,99.99
2023-05-03 16:15:00,370.0,1.0,87.77
2023-05-03 17:00:00,371.0,1.0,94.11
2023-05-03 18:00:00,372.0,1.0,96.612
2023-05-03 19:00:00,373.0,1.0,98.495
2023-05-03 21:20:00,374.0,1.0,99.906
2023-05-03 22:00:00,375.0,1.0,99.981
2023-05-03 23:00:00,376.0,1.0,99.993
2023-05-04 00:03:00,377.0,1.0,99.993
2023-05-04 00:56:00,378.0,1.0,99.832
2023-05-04 01:12:00,379.0,1.0,99.96
2023-05-04 03:00:00,380.0,1.0,99.995
2023-05-04 04:00:00,381.0,1.0,99.993
2023-05-04 06:01:00,382.0,1.0,99.99
2023-05-04 07:00:00,383.0,1.0,99.993
2023-05-04 07:20:00,384.0,1.0,99.99
2023-05-04 08:12:00,385.0,1.0,99.998
2023-05-04 09:05:00,386.0,1.0,99.996
2023-05-04 10:04:00,387.0,1.0,99.995
2023-05-04 11:10:00,388.0,1.0,99.991
2023-05-04 12:00:00,389.0,1.0,99.995
2023-05-05 04:00:00,390.0,1.0,87.901
2023-05-05 05:00:00,391.0,1.0,93.771
2023-05-05 06:00:00,392.0,1.0,97.495
2023-05-05 08:20:00,393.0,1.0,99.216
2023-05-05 10:15:00,394.0,1.0,99.94
2023-05-05 12:23:00,395.0,1.0,99.993
2023-05-05 14:01:00,396.0,1.0,99.994
2023-05-05 16:08:00,397.0,1.0,99.994
2023-05-05 18:08:00,398.0,1.0,99.973
2023-05-05 19:00:00,399.0,1.0,99.971
2023-05-05 20:00:00,400.0,1.0,99.991
2023-05-05 21:00:00,401.0,1.0,99.994
2023-05-05 22:00:00,402.0,1.0,99.995
2023-05-05 23:00:00,403.0,1.0,99.99
2023-05-05 23:42:00,404.0,1.0,99.987
2023-05-07 12:30:00,405.0,1.0,67.63
2023-05-07 15:00:00,406.0,1.0,91.298
2023-05-07 16:00:00,407.0,1.0,96.643
2023-05-07 17:00:00,408.0,1.0,98.087
2023-05-07 18:00:00,409.0,1.0,98.966
2023-05-07 19:00:00,410.0,1.0,99.678
2023-05-07 20:00:00,411.0,1.0,99.913
2023-05-07 20:54:00,412.0,1.0,99.971
2023-05-07 21:57:00,413.0,1.0,99.99
2023-05-07 23:00:00,414.0,1.0,99.992
2023-05-08 00:03:00,415.0,1.0,99.924
2023-05-08 01:05:00,416.0,1.0,99.993
2023-05-08 01:59:00,417.0,1.0,99.998
2023-05-08 02:58:00,418.0,1.0,99.993
2023-05-08 03:58:00,419.0,1.0,99.989
2023-05-08 04:56:00,420.0,1.0,99.991
2023-05-08 06:00:00,421.0,1.0,99.993
2023-05-08 07:04:00,422.0,1.0,99.993
2023-05-08 08:16:00,423.0,1.0,99.989
2023-05-08 10:00:00,424.0,1.0,99.984
2023-05-08 11:00:00,425.0,1.0,99.976
2023-05-08 12:00:00,426.0,1.0,99.978
2023-05-08 13:00:00,427.0,1.0,99.97
2023-05-08 14:00:00,428.0,1.0,99.962
2023-05-08 15:00:00,429.0,1.0,99.977
2023-05-08 16:00:00,430.0,1.0,99.97
2023-05-09 14:00:00,431.0,1.0,74.237
2023-05-09 16:04:00,432.0,1.0,93.605
2023-05-09 17:56:00,433.0,1.0,97.268
2023-05-09 19:00:00,434.0,1.0,99.103
2023-05-09 21:00:00,435.0,1.0,99.899
2023-05-09 21:58:00,436.0,1.0,99.983
2023-05-09 23:02:00,437.0,1.0,99.991
2023-05-10 00:12:00,438.0,1.0,99.982
2023-05-10 00:47:00,439.0,1.0,99.994
2023-05-10 02:11:00,440.0,1.0,99.996
2023-05-10 03:02:00,441.0,1.0,99.997
2023-05-10 04:07:00,442.0,1.0,99.992
2023-05-10 06:04:00,443.0,1.0,99.985
2023-05-10 06:58:00,444.0,1.0,99.983
2023-05-10 08:11:00,445.0,1.0,99.992
2023-05-10 09:27:00,446.0,1.0,99.994
2023-05-10 10:20:00,447.0,1.0,99.99
2023-05-10 12:00:00,448.0,1.0,99.984
2023-05-10 13:00:00,449.0,1.0,99.984
2023-05-10 15:00:00,450.0,1.0,99.974
2023-05-10 16:00:00,451.0,1.0,99.966
2023-05-10 17:51:00,452.0,1.0,99.985
2023-05-11 16:50:00,453.0,1.0,63.012
2023-05-11 17:57:00,454.0,1.0,79.684
2023-05-11 18:58:00,455.0,1.0,90.381
2023-05-11 19:57:00,456.0,1.0,94.974
2023-05-11 21:03:00,457.0,1.0,97.783
2023-05-11 21:59:00,458.0,1.0,98.898
2023-05-11 22:58:00,459.0,1.0,99.546
2023-05-12 00:20:00,460.0,1.0,99.813
2023-05-12 01:07:00,461.0,1.0,99.902
2023-05-12 02:00:00,462.0,1.0,99.961
2023-05-12 03:15:00,463.0,1.0,99.99
2023-05-12 04:05:00,464.0,1.0,99.99
2023-05-12 05:00:00,465.0,1.0,99.983
2023-05-12 06:17:00,466.0,1.0,99.928
2023-05-12 07:09:00,467.0,1.0,99.98
2023-05-12 08:10:00,468.0,1.0,99.991
2023-05-12 09:00:00,469.0,1.0,99.988
2023-05-12 11:00:00,470.0,1.0,99.992
2023-05-12 12:07:00,471.0,1.0,99.98
2023-05-12 13:03:00,472.0,1.0,99.975
2023-05-12 14:03:00,473.0,1.0,99.991
2023-05-12 15:58:00,474.0,1.0,99.984
2023-05-12 17:04:00,475.0,1.0,99.993
2023-05-12 17:58:00,476.0,1.0,99.993
2023-05-12 18:57:00,477.0,1.0,99.995
2023-05-12 20:59:00,478.0,1.0,99.982
2023-05-12 22:01:00,479.0,1.0,99.989
2023-05-13 11:00:00,480.0,1.0,74.127
2023-05-13 12:06:00,481.0,1.0,88.82
2023-05-13 13:25:00,482.0,1.0,97.347
2023-05-13 15:00:00,483.0,1.0,98.431
2023-05-13 16:04:00,484.0,1.0,99.489
2023-05-13 18:03:00,485.0,1.0,99.952
2023-05-13 18:58:00,486.0,1.0,99.985
2023-05-13 20:00:00,487.0,1.0,99.991
2023-05-13 20:57:00,488.0,1.0,99.992
2023-05-13 21:56:00,489.0,1.0,99.994
2023-05-13 23:01:00,490.0,1.0,99.903
2023-05-14 00:10:00,491.0,1.0,99.995
2023-05-14 01:08:00,492.0,1.0,99.995
2023-05-14 02:00:00,493.0,1.0,99.995
2023-05-14 03:27:00,494.0,1.0,99.993
2023-05-14 04:15:00,495.0,1.0,99.987
2023-05-14 05:00:00,496.0,1.0,99.982
2023-05-14 06:14:00,497.0,1.0,99.991
2023-05-14 07:00:00,498.0,1.0,99.994
2023-05-14 08:02:00,499.0,1.0,99.986
2023-05-14 09:30:00,500.0,1.0,99.991
2023-05-14 11:00:00,501.0,1.0,99.977
2023-05-14 12:07:00,502.0,1.0,99.979
2023-05-15 18:00:00,503.0,1.0,88.37
2023-05-15 20:00:00,504.0,1.0,96.98
2023-05-15 20:25:00,505.0,1.0,97.99
2023-05-15 22:00:00,506.0,1.0,99.859
2023-05-16 00:00:00,507.0,1.0,99.988
2023-05-16 01:00:00,508.0,1.0,99.995
2023-05-16 01:56:00,509.0,1.0,99.956
2023-05-16 05:04:00,510.0,1.0,99.956
2023-05-16 07:00:00,511.0,1.0,99.968
2023-05-16 08:00:00,512.0,1.0,99.989
2023-05-16 08:28:00,513.0,1.0,99.991
2023-05-16 09:02:00,514.0,1.0,99.986
2023-05-16 10:02:00,515.0,1.0,99.985
2023-05-16 10:57:00,516.0,1.0,99.989
2023-05-16 11:55:00,517.0,1.0,99.994
2023-05-16 13:55:00,518.0,1.0,99.991
2023-05-16 14:55:00,519.0,1.0,99.989
2023-05-16 16:34:00,520.0,1.0,99.987
2023-05-17 18:00:00,521.0,1.0,87.79
2023-05-17 19:00:00,522.0,1.0,93.85
2023-05-17 20:00:00,523.0,1.0,96.64
2023-05-17 21:00:00,524.0,1.0,97.84
2023-05-17 22:00:00,525.0,1.0,99.19
2023-05-17 23:05:00,526.0,1.0,99.68
2023-05-17 23:53:00,527.0,1.0,99.901
2023-05-18 00:53:00,528.0,1.0,99.991
2023-05-18 03:00:00,529.0,1.0,99.938
2023-05-18 03:54:00,530.0,1.0,99.991
2023-05-18 06:06:00,531.0,1.0,99.993
2023-05-18 08:02:00,532.0,1.0,99.987
2023-05-18 08:58:00,533.0,1.0,99.984
2023-05-18 09:58:00,534.0,1.0,99.984
2023-05-18 10:56:00,535.0,1.0,99.976
2023-05-18 11:57:00,536.0,1.0,99.994
2023-05-18 12:59:00,537.0,1.0,99.981
2023-05-18 13:57:00,538.0,1.0,99.968
2023-05-18 14:46:00,539.0,1.0,99.981
2023-05-19 10:35:00,540.0,1.0,82.09
2023-05-19 12:00:00,541.0,1.0,92.836
2023-05-19 13:15:00,542.0,1.0,96.196
2023-05-19 14:11:00,543.0,1.0,97.882
2023-05-19 14:37:00,544.0,1.0,98.38
2023-05-19 16:00:00,545.0,1.0,99.72
2023-05-19 16:58:00,546.0,1.0,99.926
2023-05-19 17:54:00,547.0,1.0,99.984
2023-05-19 20:00:00,548.0,1.0,99.984
2023-05-19 20:56:00,549.0,1.0,99.87
2023-05-19 21:55:00,550.0,1.0,99.93
2023-05-19 23:00:00,551.0,1.0,99.991
2023-05-20 00:06:00,552.0,1.0,99.989
2023-05-20 00:58:00,553.0,1.0,99.986
2023-05-20 01:56:00,554.0,1.0,99.985
2023-05-20 02:58:00,555.0,1.0,99.984
2023-05-20 04:58:00,556.0,1.0,99.994
2023-05-20 05:57:00,557.0,1.0,99.993
2023-05-20 06:56:00,558.0,1.0,99.992
2023-05-20 08:00:00,559.0,1.0,99.989
2023-05-21 00:07:00,560.0,1.0,78.989
2023-05-21 00:59:00,561.0,1.0,86.407
2023-05-21 01:59:00,562.0,1.0,94.198
2023-05-21 02:57:00,563.0,1.0,97.445
2023-05-21 04:56:00,564.0,1.0,99.666
2023-05-21 05:57:00,565.0,1.0,99.935
2023-05-21 06:56:00,566.0,1.0,99.974
2023-05-21 08:00:00,567.0,1.0,99.949
2023-05-21 09:53:00,568.0,1.0,100.0
2023-05-21 11:02:00,569.0,1.0,99.999
2023-05-21 12:00:00,570.0,1.0,99.998
2023-05-21 13:00:00,571.0,1.0,99.999
2023-05-21 14:00:00,572.0,1.0,100.0
2023-05-21 15:17:00,573.0,1.0,99.997
2023-05-21 16:02:00,574.0,1.0,99.993
2023-05-21 17:55:00,575.0,1.0,99.99
2023-05-21 18:57:00,576.0,1.0,99.987
2023-05-21 19:58:00,577.0,1.0,99.984
2023-05-21 20:58:00,578.0,1.0,99.981
2023-05-21 21:58:00,579.0,1.0,99.989
2023-05-21 22:56:00,580.0,1.0,99.985
2023-05-22 00:15:00,581.0,1.0,99.972
2023-05-22 01:00:00,582.0,1.0,99.974
2023-05-22 01:57:00,583.0,1.0,99.984
2023-05-23 17:44:00,584.0,1.0,75.372
2023-05-23 18:54:00,585.0,1.0,90.131
2023-05-23 20:55:00,586.0,1.0,97.678
2023-05-23 21:46:00,587.0,1.0,98.268
2023-05-23 22:55:00,588.0,1.0,99.394
2023-05-24 00:17:00,589.0,1.0,99.821
2023-05-24 02:00:00,590.0,1.0,99.96
2023-05-24 03:10:00,591.0,1.0,99.991
2023-05-24 04:05:00,592.0,1.0,99.994
2023-05-24 05:00:00,593.0,1.0,99.996
2023-05-24 06:00:00,594.0,1.0,99.998
2023-05-24 07:00:00,595.0,1.0,99.998
2023-05-24 07:34:00,596.0,1.0,99.996
2023-05-24 08:05:00,597.0,1.0,99.992
2023-05-24 09:04:00,598.0,1.0,99.948
2023-05-24 11:11:00,599.0,1.0,99.992
2023-05-24 12:10:00,600.0,1.0,99.99
2023-05-24 13:00:00,601.0,1.0,99.99
2023-05-24 15:15:00,602.0,1.0,99.989
2023-05-24 16:01:00,603.0,1.0,99.992
2023-05-24 16:58:00,604.0,1.0,99.991
2023-05-24 18:00:00,605.0,1.0,99.987
2023-05-24 18:57:00,606.0,1.0,99.981
2023-05-25 10:01:00,607.0,1.0,63.726
2023-05-25 11:00:00,608.0,1.0,81.675
2023-05-25 12:03:00,609.0,1.0,89.3
2023-05-25 13:01:00,610.0,1.0,94.76
2023-05-25 14:30:00,611.0,1.0,98.445
2023-05-25 16:00:00,612.0,1.0,99.826
2023-05-25 16:59:00,613.0,1.0,99.934
2023-05-25 17:57:00,614.0,1.0,99.968
2023-05-25 18:57:00,615.0,1.0,99.979
2023-05-25 19:58:00,616.0,1.0,99.991
2023-05-25 20:57:00,617.0,1.0,99.994
2023-05-25 21:55:00,618.0,1.0,99.996
2023-05-25 22:57:00,619.0,1.0,99.997
2023-05-26 00:12:00,620.0,1.0,99.999
2023-05-26 01:00:00,621.0,1.0,99.999
2023-05-26 01:35:00,622.0,1.0,99.997
2023-05-26 02:00:00,623.0,1.0,99.996
2023-05-26 03:00:00,624.0,1.0,99.985
2023-05-26 04:00:00,625.0,1.0,99.96
2023-05-26 06:00:00,626.0,1.0,99.995
2023-05-26 07:54:00,627.0,1.0,99.994
2023-05-26 09:57:00,628.0,1.0,99.994
2023-05-26 11:56:00,629.0,1.0,99.993
2023-05-26 14:00:00,630.0,1.0,99.991
2023-05-27 08:02:00,631.0,1.0,90.787
2023-05-27 10:05:00,632.0,1.0,97.854
2023-05-27 11:00:00,633.0,1.0,99.041
2023-05-27 13:00:00,634.0,1.0,99.877
2023-05-27 15:00:00,635.0,1.0,99.988
2023-05-27 16:02:00,636.0,1.0,99.993
2023-05-27 16:57:00,637.0,1.0,99.998
2023-05-27 17:58:00,638.0,1.0,99.998
2023-05-27 18:57:00,639.0,1.0,99.998
2023-05-27 19:55:00,640.0,1.0,99.998
2023-05-27 20:55:00,641.0,1.0,99.982
2023-05-27 22:00:00,642.0,1.0,99.942
2023-05-27 22:57:00,643.0,1.0,99.997
2023-05-27 23:57:00,644.0,1.0,99.994
2023-05-28 01:54:00,645.0,1.0,99.986
2023-05-28 02:58:00,646.0,1.0,99.979
2023-05-28 03:56:00,647.0,1.0,99.98
2023-05-28 04:57:00,648.0,1.0,99.981
2023-05-28 07:00:00,649.0,1.0,99.99
2023-05-29 01:57:00,650.0,1.0,92.953
2023-05-29 03:55:00,651.0,1.0,98.585
2023-05-29 05:56:00,652.0,1.0,99.773
2023-05-29 08:00:00,653.0,1.0,99.964
2023-05-29 09:01:00,654.0,1.0,99.987
2023-05-29 10:00:00,655.0,1.0,99.993
2023-05-29 11:00:00,656.0,1.0,99.996
2023-05-29 12:00:00,657.0,1.0,100.0
2023-05-29 13:03:00,658.0,1.0,100.0
2023-05-29 14:00:00,659.0,1.0,99.999
2023-05-29 15:00:00,660.0,1.0,99.997
2023-05-29 16:00:00,661.0,1.0,99.997
2023-05-29 18:00:00,662.0,1.0,99.993
2023-05-29 20:00:00,663.0,1.0,99.989
2023-05-29 22:00:00,664.0,1.0,99.983
2023-05-29 23:00:00,665.0,1.0,99.989
2023-05-30 00:01:00,666.0,1.0,99.991
2023-05-30 01:03:00,667.0,1.0,99.988
2023-05-30 01:59:00,668.0,1.0,99.989
2023-05-30 03:44:00,669.0,1.0,99.962
2023-05-31 11:56:00,670.0,1.0,93.025
2023-05-31 14:09:00,671.0,1.0,96.558
2023-05-31 15:00:00,672.0,1.0,98.504
2023-05-31 16:00:00,673.0,1.0,99.49
2023-05-31 17:00:00,674.0,1.0,99.87
2023-05-31 20:00:00,675.0,1.0,99.98
2023-05-31 21:00:00,676.0,1.0,99.992
2023-05-31 22:00:00,677.0,1.0,99.995
2023-05-31 23:00:00,678.0,1.0,99.997
2023-06-01 00:04:00,679.0,1.0,99.999
2023-06-01 01:54:00,680.0,1.0,99.993
2023-06-01 02:56:00,681.0,1.0,99.991
2023-06-01 04:00:00,682.0,1.0,99.907
2023-06-01 05:00:00,683.0,1.0,99.911
2023-06-01 06:00:00,684.0,1.0,99.998
2023-06-01 08:10:00,685.0,1.0,99.986
2023-06-01 09:10:00,686.0,1.0,99.988
2023-06-01 10:02:00,687.0,1.0,99.992
2023-06-01 11:00:00,688.0,1.0,99.993
2023-06-01 12:21:00,689.0,1.0,99.992
2023-06-01 13:00:00,690.0,1.0,99.99
2023-06-01 15:20:00,691.0,1.0,99.992
2023-06-01 16:00:00,692.0,1.0,99.986
2023-06-01 17:00:00,693.0,1.0,99.985
2023-06-01 18:00:00,694.0,1.0,99.986
2023-06-02 11:20:00,695.0,1.0,90.66
2023-06-02 13:05:00,696.0,1.0,96.634
2023-06-02 13:36:00,697.0,1.0,98.46
2023-06-02 14:54:00,698.0,1.0,99.73
2023-06-02 16:00:00,699.0,1.0,99.924
2023-06-02 18:00:00,700.0,1.0,99.987
2023-06-02 20:00:00,701.0,1.0,99.996
2023-06-02 22:01:00,702.0,1.0,99.999
2023-06-02 23:00:00,703.0,1.0,99.999
2023-06-03 00:10:00,704.0,1.0,99.999
2023-06-03 01:03:00,705.0,1.0,99.998
2023-06-03 02:00:00,706.0,1.0,99.998
2023-06-03 02:58:00,707.0,1.0,99.997
2023-06-03 04:02:00,708.0,1.0,99.994
2023-06-03 05:01:00,709.0,1.0,99.856
2023-06-03 05:45:00,710.0,1.0,99.933
2023-06-03 06:59:00,711.0,1.0,99.991
2023-06-03 08:00:00,712.0,1.0,99.988
2023-06-03 09:00:00,713.0,1.0,99.989
2023-06-03 11:00:00,714.0,1.0,99.991
2023-06-03 12:00:00,715.0,1.0,99.98
2023-06-03 13:00:00,716.0,1.0,99.986
2023-06-04 00:10:00,717.0,1.0,93.379
2023-06-04 00:58:00,718.0,1.0,96.888
2023-06-04 01:59:00,719.0,1.0,98.633
2023-06-04 02:59:00,720.0,1.0,99.406
2023-06-04 03:59:00,721.0,1.0,99.734
2023-06-04 05:04:00,722.0,1.0,99.886
2023-06-04 06:00:00,723.0,1.0,99.946
2023-06-04 06:57:00,724.0,1.0,99.967
2023-06-04 07:57:00,725.0,1.0,99.993
2023-06-04 08:56:00,726.0,1.0,99.983
2023-06-04 10:00:00,727.0,1.0,99.997
2023-06-04 11:00:00,728.0,1.0,99.998
2023-06-04 12:00:00,729.0,1.0,100.0
2023-06-04 13:00:00,730.0,1.0,99.998
2023-06-04 14:00:00,731.0,1.0,99.998
2023-06-04 15:00:00,732.0,1.0,99.999
2023-06-04 16:00:00,733.0,1.0,99.993
2023-06-04 17:00:00,734.0,1.0,99.933
2023-06-04 19:00:00,735.0,1.0,99.994
2023-06-04 20:00:00,736.0,1.0,99.99
2023-06-04 22:04:00,737.0,1.0,99.988
2023-06-05 00:13:00,738.0,1.0,99.992
2023-06-05 01:00:00,739.0,1.0,99.994
2023-06-05 02:00:00,740.0,1.0,99.995
2023-06-06 14:00:00,741.0,1.0,79.478
2023-06-06 15:15:00,742.0,1.0,90.694
2023-06-06 16:05:00,743.0,1.0,95.985
2023-06-06 16:56:00,744.0,1.0,98.327
2023-06-06 19:01:00,745.0,1.0,99.461
2023-06-06 20:57:00,746.0,1.0,99.898
2023-06-06 23:00:00,747.0,1.0,99.979
2023-06-07 00:00:00,748.0,1.0,99.988
2023-06-07 01:00:00,749.0,1.0,99.992
2023-06-07 02:00:00,750.0,1.0,99.994
2023-06-07 03:00:00,751.0,1.0,99.997
2023-06-07 04:00:00,752.0,1.0,99.998
2023-06-07 05:00:00,753.0,1.0,99.997
2023-06-07 06:00:00,754.0,1.0,99.997
2023-06-07 07:00:00,755.0,1.0,99.997
2023-06-07 08:27:00,756.0,1.0,99.994
2023-06-07 09:05:00,757.0,1.0,99.991
2023-06-07 11:00:00,758.0,1.0,99.997
2023-06-07 13:01:00,759.0,1.0,99.984
2023-06-07 14:05:00,760.0,1.0,99.99
2023-06-07 16:05:00,761.0,1.0,99.993
2023-06-07 16:57:00,762.0,1.0,99.989
2023-06-07 17:59:00,763.0,1.0,99.992
2023-06-07 18:57:00,764.0,1.0,99.991
2023-06-07 19:58:00,765.0,1.0,99.988
2023-06-07 20:54:00,766.0,1.0,99.991
2023-06-08 06:00:00,767.0,1.0,86.79
2023-06-08 08:05:00,768.0,1.0,97.506
2023-06-08 09:06:00,769.0,1.0,99.052
2023-06-08 10:07:00,770.0,1.0,99.766
2023-06-08 13:00:00,771.0,1.0,99.968
2023-06-08 14:03:00,772.0,1.0,99.991
2023-06-08 15:58:00,773.0,1.0,99.997
2023-06-08 16:58:00,774.0,1.0,99.997
2023-06-08 17:55:00,775.0,1.0,99.996
2023-06-08 18:59:00,776.0,1.0,99.998
2023-06-08 19:56:00,777.0,1.0,99.996
2023-06-08 20:57:00,778.0,1.0,99.997
2023-06-08 21:55:00,779.0,1.0,99.995
2023-06-08 22:56:00,780.0,1.0,99.942
2023-06-09 01:00:00,781.0,1.0,99.993
2023-06-09 02:00:00,782.0,1.0,99.989
2023-06-09 03:00:00,783.0,1.0,99.99
2023-06-09 05:00:00,784.0,1.0,99.993
2023-06-09 06:00:00,785.0,1.0,99.99
2023-06-09 07:00:00,786.0,1.0,99.991
2023-06-10 23:02:00,787.0,1.0,91.0
2023-06-11 00:00:00,788.0,1.0,96.745
2023-06-11 01:00:00,789.0,1.0,98.143
2023-06-11 03:00:00,790.0,1.0,99.619
2023-06-11 04:00:00,791.0,1.0,99.863
2023-06-11 06:00:00,792.0,1.0,99.963
2023-06-11 07:00:00,793.0,1.0,99.984
2023-06-11 08:00:00,794.0,1.0,99.995
2023-06-11 10:00:00,795.0,1.0,99.999
2023-06-11 12:00:00,796.0,1.0,100.0
2023-06-11 12:57:00,797.0,1.0,99.997
2023-06-11 13:30:00,798.0,1.0,99.999
2023-06-11 15:00:00,799.0,1.0,99.996
2023-06-11 16:02:00,800.0,1.0,99.92
2023-06-11 17:56:00,801.0,1.0,99.995
2023-06-11 18:55:00,802.0,1.0,99.989
2023-06-11 19:57:00,803.0,1.0,99.99
2023-06-11 20:55:00,804.0,1.0,99.994
2023-06-11 21:57:00,805.0,1.0,99.994
2023-06-11 22:57:00,806.0,1.0,99.994
2023-06-11 00:00:00,807.0,1.0,99.993
2023-06-11 00:48:00,808.0,1.0,99.991
2023-06-12 16:00:00,809.0,1.0,54.538
2023-06-12 18:00:00,810.0,1.0,80.64
2023-06-12 19:00:00,811.0,1.0,92.46
2023-06-12 21:00:00,812.0,1.0,98.12
2023-06-12 23:00:00,813.0,1.0,99.54
2023-06-13 00:00:00,814.0,1.0,99.83
2023-06-13 01:57:00,815.0,1.0,99.958
2023-06-13 03:59:00,816.0,1.0,99.987
2023-06-13 06:03:00,817.0,1.0,99.995
2023-06-13 07:00:00,818.0,1.0,99.993
2023-06-13 08:00:00,819.0,1.0,99.992
2023-06-13 09:06:00,820.0,1.0,99.995
2023-06-13 10:03:00,821.0,1.0,99.998
2023-06-13 11:00:00,822.0,1.0,99.999
2023-06-13 13:01:00,823.0,1.0,99.997
2023-06-13 14:02:00,824.0,1.0,99.991
2023-06-13 15:00:00,825.0,1.0,99.986
2023-06-13 16:00:00,826.0,1.0,99.993
2023-06-13 17:00:00,827.0,1.0,99.996
2023-06-13 18:00:00,828.0,1.0,99.995
2023-06-13 19:00:00,829.0,1.0,99.996
2023-06-13 20:00:00,830.0,1.0,99.998
2023-06-13 21:00:00,831.0,1.0,99.992
2023-06-13 23:00:00,832.0,1.0,99.988
2023-06-13 01:14:00,833.0,1.0,99.992
2023-06-13 01:37:00,834.0,1.0,99.991
2023-06-14 10:00:00,835.0,1.0,88.723
2023-06-14 11:00:00,836.0,1.0,96.479
2023-06-14 12:15:00,837.0,1.0,98.611
2023-06-14 13:07:00,838.0,1.0,99.324
2023-06-14 14:03:00,839.0,1.0,99.911
2023-06-14 16:00:00,840.0,1.0,99.98
2023-06-14 17:00:00,841.0,1.0,99.992
2023-06-14 19:00:00,842.0,1.0,99.997
2023-06-14 20:00:00,843.0,1.0,99.998
2023-06-14 22:00:00,844.0,1.0,99.998
2023-06-14 23:00:00,845.0,1.0,99.998
2023-06-15 00:03:00,846.0,1.0,99.994
2023-06-15 00:58:00,847.0,1.0,99.951
2023-06-15 02:00:00,848.0,1.0,99.985
2023-06-15 04:57:00,849.0,1.0,99.989
2023-06-15 07:00:00,850.0,1.0,99.983
2023-06-15 08:12:00,851.0,1.0,99.986
2023-06-15 10:05:00,852.0,1.0,99.995
2023-06-15 11:00:00,853.0,1.0,99.991
2023-06-16 04:55:00,854.0,1.0,89.511
2023-06-16 07:00:00,855.0,1.0,97.603
2023-06-16 08:09:00,856.0,1.0,99.47
2023-06-16 10:00:00,857.0,1.0,99.89
2023-06-16 12:10:00,858.0,1.0,99.988
2023-06-16 13:10:00,859.0,1.0,99.99
2023-06-16 14:10:00,860.0,1.0,99.997
2023-06-16 15:00:00,861.0,1.0,99.998
2023-06-16 16:00:00,862.0,1.0,99.999
2023-06-16 17:01:00,863.0,1.0,99.994
2023-06-16 20:02:00,864.0,1.0,99.997
2023-06-16 20:58:00,865.0,1.0,99.979
2023-06-16 22:10:00,866.0,1.0,99.989
2023-06-17 01:04:00,867.0,1.0,99.997
2023-06-17 02:00:00,868.0,1.0,99.992
2023-06-17 02:58:00,869.0,1.0,99.989
2023-06-17 03:54:00,870.0,1.0,99.989
2023-06-17 04:56:00,871.0,1.0,99.994
2023-06-17 05:55:00,872.0,1.0,99.995
2023-06-17 07:12:00,873.0,1.0,99.996
2023-06-17 08:00:00,874.0,1.0,99.98
2023-06-18 09:10:00,875.0,1.0,85.27
2023-06-18 10:29:00,876.0,1.0,93.62
2023-06-18 11:00:00,877.0,1.0,96.769
2023-06-18 12:08:00,878.0,1.0,98.83
2023-06-18 13:00:00,879.0,1.0,99.64
2023-06-18 14:00:00,880.0,1.0,99.89
2023-06-18 15:12:00,881.0,1.0,99.96
2023-06-18 16:02:00,882.0,1.0,99.989
2023-06-18 16:56:00,883.0,1.0,99.995
2023-06-18 18:57:00,884.0,1.0,99.996
2023-06-18 21:02:00,885.0,1.0,99.998
2023-06-18 23:00:00,886.0,1.0,100.0
2023-06-19 00:06:00,887.0,1.0,100.0
2023-06-19 00:57:00,888.0,1.0,99.998
2023-06-19 01:59:00,889.0,1.0,99.995
2023-06-19 02:57:00,890.0,1.0,99.93
2023-06-19 03:55:00,891.0,1.0,99.99
2023-06-19 04:55:00,892.0,1.0,99.99
2023-06-19 05:55:00,893.0,1.0,99.995
2023-06-19 06:57:00,894.0,1.0,99.995
2023-06-19 07:58:00,895.0,1.0,99.994
2023-06-19 09:00:00,896.0,1.0,99.994
2023-06-19 11:00:00,897.0,1.0,99.991
2023-06-19 12:00:00,898.0,1.0,99.993
2023-06-20 17:03:00,899.0,1.0,89.059
2023-06-20 17:10:00,900.0,1.0,95.176
2023-06-20 17:58:00,901.0,1.0,97.848
2023-06-20 19:10:00,902.0,1.0,99.115
2023-06-20 20:13:00,903.0,1.0,99.668
2023-06-20 21:00:00,904.0,1.0,99.853
2023-06-20 21:55:00,905.0,1.0,99.939
2023-06-20 22:58:00,906.0,1.0,99.966
2023-06-21 00:08:00,907.0,1.0,99.987
2023-06-21 01:00:00,908.0,1.0,99.995
2023-06-21 02:00:00,909.0,1.0,99.995
2023-06-21 03:00:00,910.0,1.0,99.998
2023-06-21 04:00:00,911.0,1.0,99.99
2023-06-21 05:00:00,912.0,1.0,99.999
2023-06-21 06:00:00,913.0,1.0,99.998
2023-06-21 07:00:00,914.0,1.0,99.986
2023-06-21 08:00:00,915.0,1.0,99.955
2023-06-21 10:00:00,916.0,1.0,99.978
2023-06-21 12:00:00,917.0,1.0,99.995
2023-06-21 14:00:00,918.0,1.0,99.983
2023-06-21 16:00:00,919.0,1.0,99.99
2023-06-21 17:00:00,920.0,1.0,99.983
2023-06-21 17:57:00,921.0,1.0,99.988
2023-06-22 20:01:00,922.0,1.0,90.081
2023-06-22 21:00:00,923.0,1.0,95.143
2023-06-22 22:17:00,924.0,1.0,98.149
2023-06-22 23:17:00,925.0,1.0,99.092
2023-06-23 00:00:00,926.0,1.0,99.568
2023-06-23 01:03:00,927.0,1.0,99.805
2023-06-23 02:02:00,928.0,1.0,99.918
2023-06-23 03:00:00,929.0,1.0,99.961
2023-06-23 04:02:00,930.0,1.0,99.985
2023-06-23 05:05:00,931.0,1.0,99.989
2023-06-23 06:00:00,932.0,1.0,99.996
2023-06-23 07:00:00,933.0,1.0,99.997
2023-06-23 08:16:00,934.0,1.0,100.0
2023-06-23 10:06:00,935.0,1.0,100.0
2023-06-23 12:00:00,936.0,1.0,99.999
2023-06-23 14:15:00,937.0,1.0,99.966
2023-06-23 17:02:00,938.0,1.0,99.996
2023-06-23 19:02:00,939.0,1.0,99.989
2023-06-23 20:17:00,940.0,1.0,99.989
2023-06-23 20:59:00,941.0,1.0,99.994
2023-06-23 21:58:00,942.0,1.0,99.993
2023-06-23 23:02:00,943.0,1.0,99.993
2023-06-24 20:51:00,944.0,1.0,66.921
2023-06-24 21:59:00,945.0,1.0,80.039
2023-06-24 23:00:00,946.0,1.0,91.426
2023-06-25 00:00:00,947.0,1.0,95.457
2023-06-25 01:00:00,948.0,1.0,97.422
2023-06-25 02:00:00,949.0,1.0,99.071
2023-06-25 04:04:00,950.0,1.0,99.796
2023-06-25 06:00:00,951.0,1.0,99.953
2023-06-25 07:00:00,952.0,1.0,99.978
2023-06-25 08:00:00,953.0,1.0,99.988
2023-06-25 09:07:00,954.0,1.0,99.996
2023-06-25 11:05:00,955.0,1.0,99.998
2023-06-25 13:00:00,956.0,1.0,100.0
2023-06-25 14:00:00,957.0,1.0,99.997
2023-06-25 16:05:00,958.0,1.0,99.963
2023-06-25 18:03:00,959.0,1.0,99.997
2023-06-25 20:00:00,960.0,1.0,99.99
2023-06-25 22:01:00,961.0,1.0,99.994
2023-06-25 23:00:00,962.0,1.0,99.997
2023-06-25 00:00:00,963.0,1.0,99.994
2023-06-25 01:00:00,964.0,1.0,99.995
2023-06-25 02:00:00,965.0,1.0,99.995
2023-06-25 03:00:00,966.0,1.0,99.994
2023-06-26 04:00:00,967.0,1.0,87.594
2023-06-26 06:05:00,968.0,1.0,96.947
2023-06-26 07:01:00,969.0,1.0,98.465
2023-06-26 08:00:00,970.0,1.0,99.39
2023-06-26 09:19:00,971.0,1.0,99.89
2023-06-26 11:10:00,972.0,1.0,99.986
2023-06-26 12:02:00,973.0,1.0,99.992
2023-06-26 13:05:00,974.0,1.0,99.994
2023-06-26 14:05:00,975.0,1.0,99.99
2023-06-26 15:09:00,976.0,1.0,99.994
2023-06-26 15:54:00,977.0,1.0,99.99
2023-06-26 16:54:00,978.0,1.0,99.99
2023-06-26 19:00:00,979.0,1.0,99.989
2023-06-26 20:00:00,980.0,1.0,99.988
2023-06-26 21:00:00,981.0,1.0,99.982
2023-06-26 21:58:00,982.0,1.0,99.995
2023-06-26 22:54:00,983.0,1.0,99.995
2023-06-27 00:05:00,984.0,1.0,99.993
2023-06-27 00:43:00,985.0,1.0,99.993
2023-06-28 00:08:00,986.0,1.0,78.497
2023-06-28 02:05:00,987.0,1.0,94.327
2023-06-28 03:05:00,988.0,1.0,97.762
2023-06-28 03:57:00,989.0,1.0,98.948
2023-06-28 04:57:00,990.0,1.0,99.501
2023-06-28 06:58:00,991.0,1.0,99.885
2023-06-28 07:55:00,992.0,1.0,99.956
2023-06-28 09:00:00,993.0,1.0,99.98
2023-06-28 10:00:00,994.0,1.0,99.99
2023-06-28 11:02:00,995.0,1.0,99.995
2023-06-28 12:06:00,996.0,1.0,99.968
2023-06-28 13:01:00,997.0,1.0,99.993
2023-06-28 14:03:00,998.0,1.0,99.966
2023-06-28 15:37:00,999.0,1.0,99.991
2023-06-28 16:08:00,1000.0,1.0,99.981
2023-06-28 18:05:00,1001.0,1.0,99.989
2023-06-28 20:00:00,1002.0,1.0,99.992
2023-06-28 20:57:00,1003.0,1.0,99.987
2023-06-28 22:00:00,1004.0,1.0,99.987
2023-06-29 00:12:00,1005.0,1.0,99.993
2023-06-29 00:56:00,1006.0,1.0,99.993
2023-06-29 01:53:00,1007.0,1.0,99.994
2023-06-30 22:56:00,1008.0,1.0,82.637
2023-07-01 00:06:00,1009.0,1.0,91.54
2023-07-01 01:00:00,1010.0,1.0,95.66
2023-07-01 02:00:00,1011.0,1.0,98.13
2023-07-01 04:00:00,1012.0,1.0,99.58
2023-07-01 05:00:00,1013.0,1.0,99.83
2023-07-01 06:00:00,1014.0,1.0,99.96
2023-07-01 08:03:00,1015.0,1.0,99.993
2023-07-01 10:01:00,1016.0,1.0,99.993
2023-07-01 11:00:00,1017.0,1.0,99.955
2023-07-01 11:41:00,1018.0,1.0,99.993
2023-07-01 13:19:00,1019.0,1.0,99.996
2023-07-01 14:57:00,1020.0,1.0,99.992
2023-07-01 16:00:00,1021.0,1.0,99.992
2023-07-01 18:02:00,1022.0,1.0,99.994
2023-07-01 18:56:00,1023.0,1.0,99.995
2023-07-01 20:56:00,1024.0,1.0,99.995
2023-07-01 21:55:00,1025.0,1.0,99.993
2023-07-01 22:58:00,1026.0,1.0,99.993
2023-07-01 00:10:00,1027.0,1.0,99.993
2023-07-02 18:21:00,1028.0,1.0,88.987
2023-07-02 18:55:00,1029.0,1.0,94.793
2023-07-02 19:58:00,1030.0,1.0,97.859
2023-07-02 20:56:00,1031.0,1.0,98.936
2023-07-02 22:55:00,1032.0,1.0,99.755
2023-07-03 00:00:00,1033.0,1.0,99.932
2023-07-03 01:53:00,1034.0,1.0,99.987
2023-07-03 03:43:00,1035.0,1.0,99.993
2023-07-03 04:57:00,1036.0,1.0,99.99
2023-07-03 06:40:00,1037.0,1.0,99.993
2023-07-03 08:25:00,1038.0,1.0,99.989
2023-07-03 09:56:00,1039.0,1.0,99.986
2023-07-03 11:02:00,1040.0,1.0,99.989
2023-07-03 13:04:00,1041.0,1.0,99.993
2023-07-03 15:05:00,1042.0,1.0,99.99
2023-07-03 16:04:00,1043.0,1.0,99.988
2023-07-03 16:59:00,1044.0,1.0,99.991
2023-07-03 17:55:00,1045.0,1.0,99.992
2023-07-04 20:29:00,1046.0,1.0,89.74
2023-07-04 20:57:00,1047.0,1.0,96.4
2023-07-04 21:58:00,1048.0,1.0,98.55
2023-07-04 22:53:00,1049.0,1.0,99.43
2023-07-05 00:01:00,1050.0,1.0,99.79
2023-07-05 01:58:00,1051.0,1.0,99.975
2023-07-05 03:58:00,1052.0,1.0,99.994
2023-07-05 05:03:00,1053.0,1.0,99.931
2023-07-05 05:57:00,1054.0,1.0,99.994
2023-07-05 08:33:00,1055.0,1.0,99.993
2023-07-05 10:00:00,1056.0,1.0,99.992
2023-07-05 12:25:00,1057.0,1.0,99.994
2023-07-05 14:08:00,1058.0,1.0,99.995
2023-07-05 15:00:00,1059.0,1.0,99.99
2023-07-05 16:00:00,1060.0,1.0,99.989
2023-07-05 17:00:00,1061.0,1.0,99.989
2023-07-06 17:54:00,1062.0,1.0,91.7
2023-07-06 19:53:00,1063.0,1.0,98.14
2023-07-06 21:00:00,1064.0,1.0,99.49
2023-07-06 23:00:00,1065.0,1.0,99.87
2023-07-06 23:56:00,1066.0,1.0,99.964
2023-07-07 01:57:00,1067.0,1.0,99.99
2023-07-07 04:00:00,1068.0,1.0,99.992
2023-07-07 05:00:00,1069.0,1.0,99.972
2023-07-07 06:00:00,1070.0,1.0,99.997
2023-07-07 08:01:00,1071.0,1.0,99.986
2023-07-07 09:07:00,1072.0,1.0,99.986
2023-07-07 11:01:00,1073.0,1.0,99.983
2023-07-07 12:36:00,1074.0,1.0,99.989
2023-07-07 14:30:00,1075.0,1.0,99.989
2023-07-07 17:00:00,1076.0,1.0,99.982
2023-07-07 18:00:00,1077.0,1.0,99.965
2023-07-08 12:00:00,1078.0,1.0,96.823
2023-07-08 13:00:00,1079.0,1.0,98.875
2023-07-08 15:00:00,1080.0,1.0,99.769
2023-07-08 16:00:00,1081.0,1.0,99.959
2023-07-08 17:00:00,1082.0,1.0,99.984
2023-07-08 19:00:00,1083.0,1.0,99.988
2023-07-08 20:50:00,1084.0,1.0,99.987
2023-07-08 23:00:00,1085.0,1.0,99.99
2023-07-09 00:17:00,1086.0,1.0,99.988
2023-07-09 02:02:00,1087.0,1.0,99.966
2023-07-09 02:25:00,1088.0,1.0,99.986
2023-07-09 03:02:00,1089.0,1.0,99.989
2023-07-09 05:01:00,1090.0,1.0,99.99
2023-07-09 07:01:00,1091.0,1.0,99.995
2023-07-09 08:00:00,1092.0,1.0,99.995
2023-07-09 09:45:00,1093.0,1.0,99.991
2023-07-10 06:04:00,1094.0,1.0,91.548
2023-07-10 06:58:00,1095.0,1.0,95.288
2023-07-10 08:05:00,1096.0,1.0,98.829
2023-07-10 09:08:00,1097.0,1.0,99.39
2023-07-10 10:09:00,1098.0,1.0,99.831
2023-07-10 11:04:00,1099.0,1.0,99.951
2023-07-10 12:30:00,1100.0,1.0,99.985
2023-07-10 13:40:00,1101.0,1.0,99.99
2023-07-10 14:42:00,1102.0,1.0,99.987
2023-07-10 16:00:00,1103.0,1.0,99.992
2023-07-10 17:57:00,1104.0,1.0,99.991
2023-07-10 19:55:00,1105.0,1.0,99.976
2023-07-10 21:56:00,1106.0,1.0,99.988
2023-07-11 00:05:00,1107.0,1.0,99.993
2023-07-11 00:57:00,1108.0,1.0,99.985
2023-07-11 02:59:00,1109.0,1.0,99.99
2023-07-11 03:59:00,1110.0,1.0,99.985
2023-07-11 06:08:00,1111.0,1.0,99.985
2023-07-11 07:02:00,1112.0,1.0,99.978
2023-07-11 08:14:00,1113.0,1.0,99.984
2023-07-12 00:05:00,1114.0,1.0,91.03
2023-07-12 00:57:00,1115.0,1.0,95.45
2023-07-12 01:59:00,1116.0,1.0,97.81
2023-07-12 02:55:00,1117.0,1.0,99.15
2023-07-12 05:00:00,1118.0,1.0,99.78
2023-07-12 06:58:00,1119.0,1.0,99.965
2023-07-12 08:13:00,1120.0,1.0,99.988
2023-07-12 09:02:00,1121.0,1.0,99.992
2023-07-12 11:08:00,1122.0,1.0,99.997
2023-07-12 12:15:00,1123.0,1.0,99.971
2023-07-12 13:05:00,1124.0,1.0,99.995
2023-07-12 15:08:00,1125.0,1.0,99.988
2023-07-12 15:59:00,1126.0,1.0,99.985
2023-07-12 17:00:00,1127.0,1.0,99.982
2023-07-12 17:58:00,1128.0,1.0,99.989
2023-07-12 18:51:00,1129.0,1.0,99.99
2023-07-12 21:03:00,1130.0,1.0,99.995
2023-07-12 23:00:00,1131.0,1.0,99.993
2023-07-13 00:17:00,1132.0,1.0,99.992
2023-07-13 00:58:00,1133.0,1.0,99.992
2023-07-14 15:15:00,1134.0,1.0,78.1
2023-07-14 16:01:00,1135.0,1.0,89.947
2023-07-14 16:57:00,1136.0,1.0,94.475
2023-07-14 17:58:00,1137.0,1.0,97.483
2023-07-14 18:55:00,1138.0,1.0,98.747
2023-07-14 19:53:00,1139.0,1.0,99.435
2023-07-14 20:57:00,1140.0,1.0,99.772
2023-07-14 21:56:00,1141.0,1.0,99.907
2023-07-14 23:00:00,1142.0,1.0,99.955
2023-07-15 00:05:00,1143.0,1.0,99.986
2023-07-15 01:52:00,1144.0,1.0,99.994
2023-07-15 02:50:00,1145.0,1.0,99.995
2023-07-15 03:50:00,1146.0,1.0,99.998
2023-07-15 04:47:00,1147.0,1.0,99.998
2023-07-15 05:44:00,1148.0,1.0,99.998
2023-07-15 07:00:00,1149.0,1.0,99.997
2023-07-15 08:25:00,1150.0,1.0,99.993
2023-07-15 09:40:00,1151.0,1.0,99.996
2023-07-15 11:00:00,1152.0,1.0,99.993
2023-07-15 12:15:00,1153.0,1.0,99.99
2023-07-15 14:00:00,1154.0,1.0,99.996
2023-07-15 15:01:00,1155.0,1.0,99.995
2023-07-15 17:56:00,1156.0,1.0,99.98
2023-07-15 18:57:00,1157.0,1.0,99.982
2023-07-15 19:40:00,1158.0,1.0,99.985
2023-07-16 06:30:00,1159.0,1.0,66.86
2023-07-16 08:27:00,1160.0,1.0,80.45
2023-07-16 09:05:00,1161.0,1.0,89.95
2023-07-16 10:10:00,1162.0,1.0,94.521
2023-07-16 11:04:00,1163.0,1.0,97.437
2023-07-16 12:00:00,1164.0,1.0,98.974
2023-07-16 13:00:00,1165.0,1.0,99.455
2023-07-16 14:55:00,1166.0,1.0,99.862
2023-07-16 16:00:00,1167.0,1.0,99.965
2023-07-16 17:01:00,1168.0,1.0,99.979
2023-07-16 17:55:00,1169.0,1.0,99.989
2023-07-16 18:55:00,1170.0,1.0,99.993
2023-07-16 19:57:00,1171.0,1.0,99.997
2023-07-16 20:58:00,1172.0,1.0,99.999
2023-07-16 21:56:00,1173.0,1.0,100.0
2023-07-17 00:04:00,1174.0,1.0,99.998
2023-07-17 02:00:00,1175.0,1.0,99.998
2023-07-17 02:52:00,1176.0,1.0,99.998
2023-07-17 03:52:00,1177.0,1.0,99.997
2023-07-17 04:49:00,1178.0,1.0,99.999
2023-07-17 05:50:00,1179.0,1.0,99.994
2023-07-17 06:47:00,1180.0,1.0,99.999
2023-07-17 07:58:00,1181.0,1.0,99.997
2023-07-17 09:01:00,1182.0,1.0,99.956
2023-07-17 09:58:00,1183.0,1.0,99.998
2023-07-17 10:59:00,1184.0,1.0,99.996
2023-07-18 21:02:00,1185.0,1.0,82.33
2023-07-18 21:36:00,1186.0,1.0,92.98
2023-07-18 22:57:00,1187.0,1.0,97.6
2023-07-19 00:00:00,1188.0,1.0,98.99
2023-07-19 01:54:00,1189.0,1.0,99.711
2023-07-19 03:56:00,1190.0,1.0,99.948
2023-07-19 04:53:00,1191.0,1.0,99.98
2023-07-19 05:54:00,1192.0,1.0,99.988
2023-07-19 06:54:00,1193.0,1.0,99.993
2023-07-19 08:18:00,1194.0,1.0,99.995
2023-07-19 09:08:00,1195.0,1.0,99.998
2023-07-19 11:00:00,1196.0,1.0,99.998
2023-07-19 13:10:00,1197.0,1.0,99.998
2023-07-19 15:06:00,1198.0,1.0,99.997
2023-07-19 16:55:00,1199.0,1.0,99.999
2023-07-19 17:50:00,1200.0,1.0,99.998
2023-07-19 19:00:00,1201.0,1.0,99.998
2023-07-19 19:53:00,1202.0,1.0,99.998
2023-07-19 20:56:00,1203.0,1.0,99.998
2023-07-19 21:53:00,1204.0,1.0,99.997
2023-07-19 22:55:00,1205.0,1.0,99.997
2023-07-19 04:11:00,1206.0,1.0,99.815
2023-07-19 05:07:00,1207.0,1.0,99.939
2023-07-19 05:54:00,1208.0,1.0,99.989
2023-07-19 06:57:00,1209.0,1.0,99.994
2023-07-19 08:05:00,1210.0,1.0,99.994
